Roll List,,,,,,,,,,,,,
College : Chaitanya Bharathi Institute of Technology,,,,,,,,,,,,,
Course : B.E,,,,,,,,,,,,,
Branch : CSE,,,,,,,,,,,,,
Semester : IV/IV II SEM,,,,,,,,,,,,,
Section : CSE 2,,,,,,,,,,,,,
Sno,AdmnNo,HTNo,Name of the Student,Gender,Father Name,Admn Dt,Stud MobileNo,Parent MobileNo,,,,,
1,11-947,160111733124,PASULADI SRI KRISHNA,M,PASULADI PRASAD RAO,5-7-2017,9502325272,9502325272,,,,,
2,13-5260,160113733081,MADDI PRABHANDHANA ,F,"M SRINIVASA REDDY 	",30-09-2013,8978084324,9866896834,,,,,
3,14-5210,160114733061,ADITHI LOKA,F,LOKA VENKAT RAMANA REDDY,15-09-2014,9248080668,9248080668,,,,,
4,14-5206,160114733062,AISHWARYA ARE,F,NARENDRA KUMAR ARE,15-09-2014,9848050565,9848050565,,,,,
5,14-5223,160114733063,PATLOLLA ALEKYA,F,P RANADHEER REDDY,15-09-2014,9603379448,9603379448,,,,,
6,14-5253,160114733064,ACHANTA CHANDANA,F,ACHANTA VIJAYA KUMAR,15-09-2014,9652182887,9652182887,,,,,
7,14-5217,160114733065,DARSHANA BOMMIREDDY REDDY,F,PRASAD BOMMIREDDY REDDY,15-09-2014,8985970068,8985970068,,,,,
8,14-5212,160114733066,KOLAN HARIKA,F,KOLAN SURENDAR REDDY,15-09-2014,9490202006,9490202006,,,,,
9,14-5250,160114733067,HARSHINI,F,VASUDEVA REDDY ONTEDDU,15-09-2014,8179795455,9490412425,,,,,
10,14-5232,160114733068,AMPILI KEERTHI,F,AMPILI TATA RAO,15-09-2014,9441348799,9441348799,,,,,
11,14-5245,160114733070,MEGHANA CHUNDURU,F,DR C SRINIVASA RAO,15-09-2014,8008270694,9490036255,,,,,
12,14-5207,160114733071,MEGHANA REDDY BILLA,F,BILLA RAVINDER REDDY,15-09-2014,9985600959,9985600959,,,,,
13,14-5237,160114733072,KANDI NYMISHA,F,K RAVI,15-09-2014,9440571410,9440571410,,,,,
14,14-5209,160114733073,GODAVARTHI REJVI RUSHIKA,F,GODAVARTHI V V MOHAN RAO,15-09-2014,9492160677,9948833399,,,,,
15,14-5236,160114733074,GONTHINA SAI RAGHA MOUNIKA,F,G LAKSHMI RAO,15-09-2014,9912253309,9959090464,,,,,
16,14-5228,160114733075,SAI RUCHIEATHA MAANVI,F,T NAGENDRA KUMAR,15-09-2014,9848933966,9848933966,,,,,
17,14-5258,160114733076,BHUKYA SANDHYA RANI,F,BHUKYA RAJU,15-09-2014,9292858542,9292858542,,,,,
18,14-5248,160114733078,G SHRIYA,F,G YADAIAH,15-09-2014,9989717631,9989717631,,,,,
19,14-5202,160114733079,SHRUTHI BARPUTE,F,AJAY V BARPUTE,15-09-2014,9849718278,9849718278,,,,,
20,14-5259,160114733080,SINDHUJA CHIRUMAMILLA,F,SURYA PRAKASH CHIRUMAMILLA,15-09-2014,9949096135,9949096135,,,,,
21,14-5220,160114733081,BUKKA SPANDANA,F,B SIDDI RAJAIAH,15-09-2014,9490457048,9490457048,,,,,
22,14-5234,160114733083,BINGI SUSMITHA,F,BINGI RAVINDER,15-09-2014,9246113230,9246113230,,,,,
23,14-5203,160114733084,VAKULA NAGA SARITHA KARRI,F,K VENKATA RAMANA,15-09-2014,9704945249,9704945249,,,,,
24,14-5241,160114733085,DOODGAON ABHISHEK,M,D RAMCHANDER,15-09-2014,9866499169,9866499169,,,,,
25,14-5233,160114733086,K AJIT SAI,M,K SRINIVASULU,15-09-2014,9502035012,9030715569,,,,,
26,14-5219,160114733087,NALMAS AKHIL,M,NALMAS RAM MANOHER RAO,15-09-2014,9849306385,9849306385,,,,,
27,14-5255,160114733088,B AKHILESH DATTA,M,B MADHUSUDHAN RAO,15-09-2014,8790307969,8790307969,,,,,
28,14-5242,160114733089,AKSHAY,M,H MOHAN,15-09-2014,9849506557,9849506557,,,,,
29,14-5256,160114733090,AMIT SARMA,M,AUM SARMA,15-09-2014,9848308277,9848308277,,,,,
30,14-5204,160114733091,KAREDLA ANANTHA SASHI SEKHAR,M,KAREDLA SUBRAMANYAM,15-09-2014,9700711789,9700711789,,,,,
31,14-5222,160114733092,MUDIAM DASARADA RAMI REDDY,M,MUDIAM VIJAYA BHASKER REDDY,15-09-2014,9908535199,9908535199,,,,,
32,14-5238,160114733093,ESHWAR HARSHA VARDHAN JALLEDA,M,JVSS MOHAN RAO,15-09-2014,8985822057,8985822057,,,,,
33,14-5244,160114733094,KOKA ESHWAR,M,KOKA RAMESH,15-09-2014,9949015733,9949015733,,,,,
34,14-5218,160114733095,HARSHA ANIRUDH G S,M,RAGHAVENDRA RAO G,15-09-2014,9246545653,9246545653,,,,,
35,14-5208,160114733096,PRATHI JITENDRA KALYAN,M,PRATHI SANKARA RAO,15-09-2014,9391169548,9391169548,,,,,
36,14-5246,160114733097,MUKKA KARTHIK,M,MUKKA SHANKAR,15-09-2014,8121221121,9441417110,,,,,
37,14-5252,160114733098,GOLI LOKESH,M,G S CHAKRAVARTHI,15-09-2014,9000304567,9000304567,,,,,
38,14-5243,160114733099,G MANISH,M,G SURYA PRAKASH RAO,15-09-2014,8019267367,7674845694,,,,,
39,14-5216,160114733100,VUPPALA MANISH,M,VUPPALA SRINIVAS,15-09-2014,9032980982,9032980982,,,,,
40,14-5249,160114733101,MARK,M,P V RANGA RAO,15-09-2014,9440811116,9440811116,,,,,
41,14-5221,160114733103,NAGA SAI SHASHANK,M,K SRIKANTH REDDY,15-09-2014,9491274484,9491274484,,,,,
42,14-5225,160114733104,BOKKALA NIKHIL REDDY,M,BOKKALA PRAKASH REDDY,15-09-2014,9866169588,9866169588,,,,,
43,14-5251,160114733105,BIRAM NITHIN KUMAR,M,BIRAM SAI BABA,15-09-2014,8499061980,9949311604,,,,,
44,14-5226,160114733106,R PRANITH KUMAR,M,R CHANDRA PRAKASH,15-09-2014,8885168472,9298309953,,,,,
45,14-5229,160114733107,KOPPULA RAJENDER,M,KOPPULA SATTAIAH,15-09-2014,9618450002,9618450002,,,,,
46,14-5227,160114733108,MANDALOJU RAMU,M,M SATHYANARAYANA CHARY,15-09-2014,9247766684,9247766684,,,,,
47,14-5235,160114733109,KONAKALLA SAI BHARATH KUMAR,M,K SRINIVAS,15-09-2014,9490911940,9490911940,,,,,
48,14-5205,160114733110,DAVULURI SAI KIRAN,M,DVVSN MURTHY,15-09-2014,9177134559,9440411607,,,,,
49,14-5231,160114733111,SATYA VINAYA LIKHITESH,F,S SIVA RAMA KRISHNA,15-09-2014,9491628015,9491628015,,,,,
50,14-5239,160114733112,SHAMMI AKHIL L,M,LOKAM RAVINDRA PRASAD,15-09-2014,9440367496,9440367496,,,,,
51,14-5240,160114733113,PAPIGARI SHIVA,M,P GOPAL,15-09-2014,8977490779,8008274234,,,,,
52,14-5215,160114733114,MEKALA SHIVCHETAN,M,MEKALA VIJAYADHAR,15-09-2014,9010014103,9010014103,,,,,
53,14-5201,160114733115,PARUCHURI SUMANTH,M,PARUCHURI RADHA KRISHNA,15-09-2014,9490399299,9490399299,,,,,
54,14-5213,160114733116,GUNDU VAMSHI KRISHNA,M,GUNDU RAMESH,15-09-2014,9989193500,9989193500,,,,,
55,14-5230,160114733117,JOOPAKA VAMSHI KRISHNA,M,JOOPAKA PREMSAGAR,15-09-2014,8727250187,8727250187,,,,,
56,14-5254,160114733119,VUTUKURI VENKATA VAMSIKRISHNA,M,VUTUKURI SRINIVASA RAO,15-09-2014,9290150995,9290150995,,,,,
57,14-5211,160114733120,VISHESH REDDY SRIPATI,M,JAIPAL REDDY SRIPATI,15-09-2014,7032831096,9848031096,,,,,
58,14-5273,160114733184,BUSSA ANURAG,M,BUSSA NAGARAJU,7-9-2015,9949297935,9949297935,,,,,
59,14-5261,160114733313,GANDLA JEEVAN,M,GANDLA SRINIVAS,30-07-2015,8125559907,9247498095,,,,,
60,14-5262,160114733314,TADAKA SHIVATEJA,M,TADAKA BALAJI,23-07-2015,8686879686,9848218236,,,,,
61,14-5263,160114733315,MADARI UDAY KIRAN,M,M.BALAKRISHNA,23-07-2015,9959104801,9490319120,,,,,
62,14-5264,160114733316,VANAPARTHI MOHANTH,M,VANAPARTHI ESHWAR,23-07-2015,9014994442,9347388957,,,,,
63,14-5265,160114733317,DOOLAM RAMYA,F,DOOLAM KISHAN,23-07-2015,8333088695,9550905450,,,,,
64,14-5266,160114733318,BANOTHU SOUNDARYA,F,.BANOTHU LAXMAN,23-07-2015,9848315957,9848883581,,,,,
65,14-5267,160114733319,RAJULA NAGARAJU,M,NARSAIAH,23-07-2015,9703355142,8985422879,,,,,
66,14-5268,160114733320,GUNDALA PRANAYA,F,NARSIMHA,23-07-2015,8790264119,9848882378,,,,,
67,14-5269,160114733321,KORRA VASANTHA,F,KORRA DASHARATH,23-07-2015,7702469552,9000215355,,,,,
68,14-5270,160114733322,HARIS OMER HABEEB,M,HAMED OMER,23-07-2015,9866290754,9866290754,,,,,
69,14-5271,160114733323,CHILUKA RACHANA,F,BHASKAR,23-07-2015,8501867537,9676898462,,,,,
70,14-5272,160114733324,MUNGELKAR SUPRIYA,F,.MUNGELKAR ATMANAND,23-07-2015,8686893323,9700242141,,,,,
