Roll List,,,,,,,,,,,,,
College : Chaitanya Bharathi Institute of Technology,,,,,,,,,,,,,
Course : B.E,,,,,,,,,,,,,
Branch : CSE,,,,,,,,,,,,,
Semester : IV/IV II SEM,,,,,,,,,,,,,
Section : CSE 3,,,,,,,,,,,,,
Sno,AdmnNo,HTNo,Name of the Student,Gender,Father Name,Admn Dt,Stud MobileNo,Parent MobileNo,,,,,
1,13-5324,160113733153,KRISHNA CHAITANYA A,M,BHUPESH KUMAR ANGAMPALLY,30-09-2013,9441185077,9989663012,,,,,
2,14-5314,160114733121,ALEKHYA LINGUTLA,F,L RAMESH KUMAR,15-09-2014,8712313544,8712313544,,,,,
3,14-5318,160114733122,ALEKHYA MALYALA,F,MALYALA BHEEM REDDY,15-09-2014,9394009596,9394009596,,,,,
4,14-5303,160114733123,BRUNDA DEVI A,F,DR A SRINIVASA RAO,15-09-2014,9866055171,9866055171,,,,,
5,14-5305,160114733124,N DAKSHATHA,F,S NAGARAJ,15-09-2014,9849005281,9849005281,,,,,
6,14-5311,160114733125,RAVIKANTI DEEPTHI,F,NEELAKANTAM,15-09-2014,9247849594,9247849594,,,,,
7,14-5358,160114733126,KATTA DHEERA SAMEERA,F,KATTA SOMAIAH,15-09-2014,9866777972,9866777972,,,,,
8,14-5343,160114733127,FARAH UZMA,F,MD AMEENUDDIN,15-09-2014,8500055220,9441929204,,,,,
9,14-5322,160114733128,N HIRAN MAI,F,N RAVI KUMAR,15-09-2014,8331938168,8331938168,,,,,
10,14-5356,160114733129,MANISHA RAO LOYAPALLY,F,L NARSING RAO,15-09-2014,8499999666,9989999666,,,,,
11,14-5324,160114733130,MANASA SUSIRLA MANONMAYI,F,S RAMESH VITTAL,15-09-2014,9703515596,9642242555,,,,,
12,14-5301,160114733131,Y NANDINI,F,Y ANAND KUMAR,15-09-2014,9966878141,9966878141,,,,,
13,14-5325,160114733132,NIDHI PUROHITH,F,VENUGOPAL PUROHITH,15-09-2014,9652788292,9652044368,,,,,
14,14-5337,160114733133,NIHARIKA NISANGI,F,NAGABHUSHANAM NISANGI,15-09-2014,9848159443,9848159443,,,,,
15,14-5330,160114733134,SRIRAMOJI NIKHITHA,F,SRIRAMOJI MARUTHI,15-09-2014,8501949328,9490508468,,,,,
16,14-5350,160114733135,NAYANA PRAVALIKA,F,NAYANA SHIVA KUMAR,15-09-2014,8121790180,9032582887,,,,,
17,14-5357,160114733136,AZMEERA PRIYANKA,F,AZMEERA RATNA,15-09-2014,7661007447,7661007447,,,,,
18,14-5312,160114733137,P RISHITA REDDY,F,P SATISH REDDY,15-09-2014,9849974020,9618636092,,,,,
19,14-5334,160114733138,GOLI SAI KEERTHANA,F,GOLI SURESH KUMAR,15-09-2014,9866776396,9959990639,,,,,
20,14-5309,160114733139,MALLINENI SAI SRUTHI,F,M VENKATESWARLU,15-09-2014,9440610900,9440610900,,,,,
21,14-5346,160114733140,SHAIK REHANA,F,SHAIK REHAMAN,15-09-2014,9676742286,9676742286,,,,,
22,14-5321,160114733141,SIRI CHANDANA SUREDDI,F,SLV PRASAD,15-09-2014,9676962222,9676962222,,,,,
23,14-5306,160114733142,KALLU SRAVANI,F,K SUNEEL REDDY,15-09-2014,9963783528,9908240582,,,,,
24,14-5351,160114733143,DUDLA SRAVANI NIHARIKA,F,DUDLA CHITTI BABU,15-09-2014,9949596015,9949596015,,,,,
25,14-5302,160114733144,SRAVYA JASTI,F,JASTI KISHORE,15-09-2014,9848041195,9848041195,,,,,
26,14-5359,160114733145,TALLURI SRI ATHULYA,F,T V V SATYANARAYANA,15-09-2014,9959677444,9959677444,,,,,
27,14-5360,160114733146,A VINEELA,F,A SATYANARAYANA,15-09-2014,9492429838,9492064434,,,,,
28,14-5332,160114733147,BATTU AKHIL,M,B RAMA KRISHNA RAO,15-09-2014,8008221731,8008221731,,,,,
29,14-5341,160114733148,YAKKALURI AKHIL REDDY,M,Y SRINIVAS REDDY,15-09-2014,9701227380,9000524396,,,,,
30,14-5328,160114733149,ANURAG SINGH TULJARAM,M,T NARENDER SINGH,15-09-2014,9440700351,9440700351,,,,,
31,14-5352,160114733150,DATTARAJ G,M,RAJENDRA PRASAD,15-09-2014,9248099206,9248099206,,,,,
32,14-5335,160114733151,DHEERAJ REDDY,M,G KRISHNA REDDY,15-09-2014,9440814368,9440814368,,,,,
33,14-5313,160114733152,PENDYALA GOPI CHAND,M,P VENKAT RAO,15-09-2014,8977576115,9010222394,,,,,
34,14-5317,160114733153,HARIHARAN REDDY ADMALA,M,ADAMALA PRAVEEN REDDY,15-09-2014,9553500763,9603870982,,,,,
35,14-5347,160114733154,KAPIL REDDY,M,KUCHEKULLA SRINIVAS REDDY,15-09-2014,9951222208,9848011208,,,,,
36,14-5353,160114733155,KOORAKULA MAHESH,M,K PRABHAKAR,15-09-2014,9949671778,9949671778,,,,,
37,14-5344,160114733156,BANDARI MANOJ KUMAR,M,BANDARI RAMESH BABU,15-09-2014,9705098362,9705098362,,,,,
38,14-5304,160114733157,RAVURI MANOJ KUMAR,M,RAVURI VENKATA RAO,15-09-2014,1234567890,1234567890,,,,,
39,14-5340,160114733158,MD MUJTABAUDDIN FURQAN,M,MOHAMMED JALAL UDDIN,15-09-2014,9700063002,9700063002,,,,,
40,14-5329,160114733159,MOHAMMED AIJAAZ,M,MOHAMMED KHAJA PASHA,15-09-2014,8143304528,8121827421,,,,,
41,14-5327,160114733160,SANGEM NANDHA KISHORE,M,SANGEM PANDAIAH,15-09-2014,9441365187,9441365187,,,,,
42,14-5333,160114733162,THATIKONDA PRANAY,M,THATIKONDA DHARMA RAJU,15-09-2014,9666614310,9490863265,,,,,
43,14-5308,160114733163,THUMMA PRUDHVI,M,THUMMA THIRUPATHI REDDY,15-09-2014,7793996595,7793996595,,,,,
44,14-5348,160114733164,NADIMIDODDI RAHUL,M,NADIMIDODDI SHANKARAIAH,15-09-2014,9849856352,9849856352,,,,,
45,14-5355,160114733165,RATHOD RAJU,M,RATHOD MARUTHI,15-09-2014,9703442992,9703442992,,,,,
46,14-5316,160114733167,KONDAPALLI SAI TEJA,M,K VENKATESHWAR RAO,15-09-2014,8897164658,9949584622,,,,,
47,14-5349,160114733168,SAINATH REDDY,M,SATYANARAYANA REDDY,15-09-2014,9494936688,9440291900,,,,,
48,14-5342,160114733171,TAJ TANVEER RAZA,M,SHAIK FAREED,15-09-2014,9052135531,9052135531,,,,,
49,14-5310,160114733172,SHUAIB ABDUL HAI,M,MOHAMMED ABDUL HAI,15-09-2014,9885447823,9885447823,,,,,
50,14-5326,160114733173,VEMULA SRINIVASA NIKHIL,M,VEMULA VENKATESHWARA RAO,15-09-2014,9985075565,9985075565,,,,,
51,14-5315,160114733174,NAAREDDY SUJAY REDDY,M,N SATYANARAYANA REDDY,15-09-2014,9866220588,9866220588,,,,,
52,14-5339,160114733175,TOUSEEF AHMED,M,MOHAMMED AHMED,15-09-2014,9966190659,9966190659,,,,,
53,14-5319,160114733176,GUJJARI VAMSHI KRISHNA,M,G VENKATESHAM,15-09-2014,8686983806,9441079560,,,,,
54,14-5336,160114733177,BODDU VENU KARTHIK,M,BODDU SRINIVAS RAO,15-09-2014,9666450500,9666450500,,,,,
55,14-5320,160114733178,KASAM VINAY,M,KASAM ADI REDDY,15-09-2014,9963309680,9963309680,,,,,
56,14-5323,160114733179,MALLELA VINAY KUMAR REDDY,M,MALLELA AJAY KUMAR REDDY,15-09-2014,7036359733,9666393070,,,,,
57,14-5331,160114733180,VINESH REDDY NAGA,M,N VENUGOPAL REDDY,15-09-2014,9440883234,9440883234,,,,,
58,14-5373,160114733185,SADDI MAYANK REDDY,M,SADDI AMERENDER REDDY,7-9-2015,9966422164,9966422164,,,,,
59,14-5374,160114733186,CHARISHMA RAVOORI,F,FATHER,20-10-2016,1234567890,1234567890,,,,,
60,14-5361,160114733325,MOHAMMED BIN SAYEED BASULEMAN,M,SAYEED ABDULLAH BASULEMAN,23-07-2015,8686405029,8686405029,,,,,
61,14-5362,160114733326,MD AZAM,M,MOHD AKRAM,23-07-2015,7396675206,7396675206,,,,,
62,14-5363,160114733327,DASOJU BHARATH,M,DASOJU VENKATESHWARLU,23-07-2015,7659084625,9912459991,,,,,
63,14-5364,160114733328,MALEGAMA SHIVASHARAN,M,MALEGAMA ASHOK,23-07-2015,9030048656,8897629936,,,,,
64,14-5365,160114733329,CHOPPARI PRANISHA,F,CHOPPARI VENKANNA,23-07-2015,7730092182,9502921814,,,,,
65,14-5366,160114733330,DASARI SHEETAL,F,DASARI GOPIKRISHNA,23-07-2015,8008697980,9013990047,,,,,
66,14-5367,160114733331,NEELAALA HARIKRISHNA,M,Neelaala Venkataiah,23-07-2015,9573267328,9573267328,,,,,
67,14-5368,160114733332,CHINTHA UDAYKUMAR,M,CHINTHA VASUDEV,23-07-2015,9010300789,9010300789,,,,,
68,14-5369,160114733333,JATOTH SRINIVAS,M,JATOTH CHANDRU,23-07-2015,9160979625,7680825364,,,,,
69,14-5370,160114733334,MOHAMMED ABDUL HAMEED,M,MOHAMMED ABDUL KHADER,20-07-2015,9700042774,9700042774,,,,,
70,14-5371,160114733335,VELPULA SRAVIKA,F,VELPULA NAGARAJU,3-8-2015,9700127783,9440268552,,,,,
71,14-5372,160114733336,SUJITH MANCHALA,M,MANCHALA VENKATA RATNAM,23-07-2015,8008188022,9866555965,,,,,
