Roll List,,,,,,,,,,,,,
College : Chaitanya Bharathi Institute of Technology,,,,,,,,,,,,,
Course : B.E,,,,,,,,,,,,,
Branch : CSE,,,,,,,,,,,,,
Semester : III/IV II SEM,,,,,,,,,,,,,
Section : CSE 3,,,,,,,,,,,,,
Sno,AdmnNo,HTNo,Name of the Student,Gender,Father Name,Admn Dt,Stud MobileNo,Parent MobileNo,,,,,
1,14-5338,160114733161,KONDA NIKHIL AASHRAY REDDY,M,KONDA SHAILENDER REDDY,15-09-2014,9849685328,8179476373,,,,,
2,15-5359,160115733121,GUJJALA ALEKYA,F,LATE G SATYANARAYANA,3-8-2015,9391198963,9391198963,,,,,
3,15-5321,160115733122,P ANKITHA,F,P THYAGA RAJU,3-8-2015,9502320835,9441825422,,,,,
4,15-5313,160115733123,RAMARAJU BALA LAKSHMI SAI SWETA SAHITHI,F,RAMARAJU NAGARJUNA KUMAR,3-8-2015,9553729672,9390288999,,,,,
5,15-5310,160115733124,TAWADA GAYATRI,F,TAWADA LAXMAN PRASAD,3-8-2015,9985613360,9989379444,,,,,
6,15-5324,160115733125,BEVARA JAHNAVI,F,BEVARA VENKATA VARA PRASAD,3-8-2015,9000142462,9963080794,,,,,
7,15-5316,160115733126,NUKALA JYOTHI,F,N VENKAT REDDY,3-8-2015,9848818537,9848809194,,,,,
8,15-5312,160115733127,PURANIK KOMAL,F,AMBUJ,3-8-2015,9106919270,9106919270,,,,,
9,15-5302,160115733128,SOMEPALLI KRISHNA SRI,F,SOMEPALLI VENU,3-8-2015,8801872153,9959996990,,,,,
10,15-5303,160115733129,KANDHIMALLA LEHYA REDDY,F,KANDHIMALLA GOVARDHAN REDDY,3-8-2015,9154476554,9440647803,,,,,
11,15-5330,160115733130,VENNU MADHURI,F,VENNU SATHYA MURTHY,3-8-2015,8519844433,8885551818,,,,,
12,15-5344,160115733131,MADHURIMA YELLA,F,Y V MADAN MOHAN RAO,3-8-2015,9705372224,9705372224,,,,,
13,15-5341,160115733132,SHAIK NEHA FARHEEN,F,S MAHABOOB BASHA,3-8-2015,7075786222,9849241106,,,,,
14,15-5311,160115733133,VANGARI PALLAVI,F,V.SHIVA KUMAR,3-8-2015,8499031237,9849137063,,,,,
15,15-5317,160115733134,KAVUKUNTLA RACHANA,F,K KIRAN KUMAR,3-8-2015,7702700800,9912841766,,,,,
16,15-5327,160115733136,BIJJA RAMYA,F,BIJJA NARSIMHULU,3-8-2015,9100223993,9866971465,,,,,
17,15-5322,160115733137,RICHA KULKARNI,F,JAYANT KULKARNI,3-8-2015,9949145570,9949145570,,,,,
18,15-5314,160115733138,ARKIT SAHITHI REDDY,F,Amarjith Reddy,3-8-2015,9177294399,9866130107,,,,,
19,15-5335,160115733139,BOGIREDDY SAI MOUNA,F,BOGIREDDY ANJI REDDY,3-8-2015,9492782154,8106873680,,,,,
20,15-5343,160115733140,THUPAKULA SAI SREESHMA,F,THUPAKULA SRINIVASA RAO,3-8-2015,9550399680,9885552209,,,,,
21,15-5331,160115733141,JOSYULA SAI SUSHMA MADHAVI,F,J V S R SEKHAR KUMAR,3-8-2015,9989390573,9989390573,,,,,
22,15-5338,160115733142,SAI TEJASWI MUTTAVARAPU,F,NARASIMHA RAO MUTTAVARAPU,3-8-2015,8008193904,9515876498,,,,,
23,15-5325,160115733143,S SANJANA,F,S LINGANANDAM,3-8-2015,9550937501,9989490654,,,,,
24,15-5340,160115733144,SHAIK HAJIRAH TABASSUM,F,SHAIK ANWAR,3-8-2015,7674959792,9030421957,,,,,
25,15-5329,160115733145,PADALA SOUMYA,F,PADALA KOMURAIAH,3-8-2015,9553508692,9392597212,,,,,
26,15-5323,160115733146,C SRAVYA,F,Venkateshwar Rao,3-8-2015,8341227744,9346282509,,,,,
27,15-5309,160115733147,B SREE HARI PRIYA,F,B PRATAP KUMAR,3-8-2015,9493127001,9490029637,,,,,
28,15-5355,160115733148,GURINDAPALLI SUPRIYA,F,GURINDAPALLI JAYA RAJ,3-8-2015,9652519651,9177925557,,,,,
29,15-5336,160115733149,DHADIGE SUSMITHA,F,D.KISHAN,3-8-2015,8499878990,9440562709,,,,,
30,15-5307,160115733150,VUNDHYALA AASHISH REDDY,M,V.SRINIVAS REDDY,3-8-2015,9441656695,9441656695,,,,,
31,15-5333,160115733151,POTLAPALLY ACHYUTH,M,POTLAPALLY JITHENDER RAO,3-8-2015,8897073808,9490164712,,,,,
32,15-5315,160115733152,PALAVARAPU DEEPAK,M,P SRINIVASA RAO,3-8-2015,9848329586,9848329586,,,,,
33,15-5345,160115733153,MATHA DILEEP,M,MATHA VENKATA SUBBA RAO,3-8-2015,9490421430,9849916728,,,,,
34,15-5318,160115733154,GOGINENI DINESH CHOWDARY,M,G. VENKATA RAMANA,3-8-2015,7416644329,9849784486,,,,,
35,15-5339,160115733155,FARAAZ AHMED,M,AYAZUDDIN,3-8-2015,9700760758,9848037996,,,,,
36,15-5358,160115733156,KAVUTURU HARSHA VARDHAN,M,K SRINIVASULU CHOWDARY,3-8-2015,8897393513,8897393513,,,,,
37,15-5328,160115733157,HIMANSHU KETAN KAPASHI,M,KETAN KUMAR,3-8-2015,9441846302,9441846302,,,,,
38,15-5334,160115733158,AMIREDDY LAKSHMAN,M,AMIREDDY SURENDER,3-8-2015,9505656691,9912536691,,,,,
39,15-5332,160115733159,DOMAKONDA MADHUKAR,M,DOMAKONDA KOMURAIAH,3-8-2015,8374676230,9542871995,,,,,
40,15-5342,160115733160,JELLA NIKHIL BABU,M,J ARJUN,3-8-2015,8801957629,8106413918,,,,,
41,15-5351,160115733161,GAINI PRANAY,M,GAINI CHANDRA SHEKAR,3-8-2015,9963533309,9963533309,,,,,
42,15-5308,160115733162,KUNDA RAMA KRISHNA,M,KUNDA KISHAN RAO,3-8-2015,7396402348,9505030479,,,,,
43,15-5357,160115733164,SADULA SAI ANURAG,M,S RAVI BABU,3-8-2015,9014665799,9493732367,,,,,
44,15-5354,160115733165,KUMBHAM SAI CHARAN,M,K INDRASENA REDDY,3-8-2015,8500493893,9963723301,,,,,
45,15-5353,160115733166,RAMAVATH SAI KUMAR,M,RAMAVATH SWAMY NAIK,3-8-2015,9533595422,9705276489,,,,,
46,15-5305,160115733167,SAGI SAI NITHISH VARMA,M,Narashimha Raju,3-8-2015,9989575944,9989578944,,,,,
47,15-5319,160115733168,BINGI SAMRAT,M,B.SUKDEV,3-8-2015,9550092025,9441707066,,,,,
48,15-5350,160115733169,NALLALA SANDEEP KUMAR,M,SHANKARAIAH,3-8-2015,9966890252,9948050332,,,,,
49,15-5337,160115733170,SHAIK AAQIL,M,SHAIK ANWAR,3-8-2015,9908760663,9908795819,,,,,
50,15-5306,160115733172,LEKKALA SHASHIKANTH REDDY,M,L Narayana Reddy,3-8-2015,9640729187,9640729187,,,,,
51,15-5301,160115733173,K SIDDHARTH GUPTA,M,K SRINIVAS,3-8-2015,8125666112,9290063300,,,,,
52,15-5347,160115733174,KOMMU SRIAKHIL,F,KOMMU SATYANARAYANA,3-8-2015,9912976137,9440168749,,,,,
53,15-5326,160115733175,DANDEVENA SRIKANTH,M,Narsingam,3-8-2015,9949862570,9059937131,,,,,
54,15-5346,160115733176,BOLAMALLA THRIVIKRAMA RAO,M,BOLAMALLA PADMA RAO,3-8-2015,8106822876,9989768899,,,,,
55,15-5304,160115733177,DESINEEDI UMA MAHESHWARA SWAMY,M,DESINEEDI CHANDRA SEKHAR,3-8-2015,9666642416,8886913354,,,,,
56,15-5348,160115733178,KURAMA VIHAR,M,KURAMA VENKATA RAMANA,3-8-2015,9133744144,9177780000,,,,,
57,15-5320,160115733179,KYATHAM VISHNUVARDHAN,M,KYATHAM SUDARSHAN,3-8-2015,7396682378,8106409859,,,,,
58,15-5361,160115733325,SREERAM KAVYA SRI,F,S Nageshwar Rao,4-7-2016,8801908899,8801908899,,,,,
59,15-5362,160115733326,SANKINENI HARSHA VARDHAN RAO,M,S Ravinder Rao,4-7-2016,9177399332,9177399332,,,,,
60,15-5363,160115733327,KASIREDDY MEGHANA,F,K Srinivas Reddy,4-7-2016,9492981991,9492981991,,,,,
61,15-5364,160115733328,MOHAMMED MEHRAJ,M,MD khasim Ali,4-7-2016,8801591393,8801591393,,,,,
62,15-5365,160115733329,KANDRAJU NAVEEN KUMAR,M,K SRINIVAS,4-7-2016,9666530201,9666530201,,,,,
63,15-5366,160115733330,KANUKUNTLA SHYAMALA,F,K NARSIAH,4-7-2016,9505071820,9505071820,,,,,
64,15-5367,160115733331,TAMMADAVENI AISHWARYA,F,T KOMARAIAH,4-7-2016,8790860205,8790860205,,,,,
65,15-5368,160115733332,DUTA SURYAPRAKASH,M,D POSHAM,4-7-2016,7893867356,1234567890,,,,,
66,15-5369,160115733333,KOTI MAHITHA,F,K YASHWANTH RAO,4-7-2016,8801345252,8801345252,,,,,
67,15-5371,160115733335,KARINGLA KAVYA SREE,F,K SRINIVAS,4-7-2016,1234567890,1234567890,,,,,
68,15-5372,160115733336,RAMAVATH MOONA,M,R SHAKRU,4-7-2016,9553602073,9553602073,,,,,
