Roll List,,,,,,,,,,,,,
College : Chaitanya Bharathi Institute of Technology,,,,,,,,,,,,,
Course : B.E,,,,,,,,,,,,,
Branch : CSE,,,,,,,,,,,,,
Semester : III/IV II SEM,,,,,,,,,,,,,
Section : CSE 1,,,,,,,,,,,,,
Sno,AdmnNo,HTNo,Name of the Student,Gender,Father Name,Admn Dt,Stud MobileNo,Parent MobileNo,,,,,
1,14-5149,160114733027,ADARSH AGARWAL,M,RAKESH ROSHAN AGARWAL,15-09-2014,8978733555,9848030312,,,,,
2,14-5125,160114733028,J ADARSH,M,J MAHESH KUMAR,15-09-2014,9704455786,9704455786,,,,,
3,14-5152,160114733036,KOSURI GOWTHAM VARMA,M,KOSURI VENKATA RAJU,15-09-2014,9849122279,9849122279,,,,,
4,14-5145,160114733048,VUJJINI RANA TEJA,M,VUJJINI BHASKER RAO,15-09-2014,9701010113,9701010113,,,,,
5,14-5171,160114733311,HEMANTH SURYA THEJA CH,M,THIRUPATIAH CH,23-07-2015,7207650540,9022905566,,,,,
6,15-5111,160115733001,SIRIKONDA AKHILA,F,S NAGESHWAR RAO,3-8-2015,9133779393,9133779393,,,,,
7,15-5137,160115733002,ASRA NASEEM,F,S ALLI BASHA,3-8-2015,9493758009,8500996033,,,,,
8,15-5152,160115733003,ADLURI HARSHITHA,F,ADLURI V L N CHARY,3-8-2015,8500710775,8008900775,,,,,
9,15-5151,160115733004,SANKE KEERTHI,F,SANKE RAVI KUMAR,3-8-2015,9440858658,9440858658,,,,,
10,15-5156,160115733005,KATRAVATH MANISHA,F,KATRAVATH KRISHNA,3-8-2015,9908387938,9908387938,,,,,
11,15-5119,160115733006,K MONICA,F,S R KAMAL PRAKASH BABU,3-8-2015,9440571616,9440571616,,,,,
12,15-5122,160115733007,NEHA KOMURAVELLY,F,SRINIVAS K,3-8-2015,8332916342,9441205536,,,,,
13,15-5148,160115733008,BYAGARI PALLAVI,F,BYAGARI VENKATESHWAR RAO,3-8-2015,7680907146,8019261845,,,,,
14,15-5157,160115733009,PATWARI REVATHI RAO,F,PATWARI RAMAKRISHNA RAO,3-8-2015,9000262525,9000262525,,,,,
15,15-5108,160115733010,MADDIKUNTLA SAHITHI,F,MADDIKUNTLA NAGI REDDY,1-8-2015,9247189504,9247189504,,,,,
16,15-5145,160115733011,VOGIREDDY SAI LAKSHMI KEERTHANA,F,VOGIREDDY SRINIVASA REDDY,3-8-2015,9441907087,9848131081,,,,,
17,15-5105,160115733013,SAMHITA ALLA,F,A SRINIVASA REDDY,27-07-2015,8179140584,9849568540,,,,,
18,15-5124,160115733014,MKDV SHAMBHAVI,F,M NAGARAJU,3-8-2015,9440923905,9440923905,,,,,
19,15-5154,160115733015,BANDARU SHIRISHA,F,BANDARU ADAM,3-8-2015,9701531598,9849106738,,,,,
20,15-5130,160115733016,THERUPALLY SHREYA,F,THERUPALLY KARUNAKAR,3-8-2015,9652578223,9010159247,,,,,
21,15-5132,160115733017,ENJALA SPANDANA,F,ENJALA SADANANDAM,3-8-2015,8897973700,9849705779,,,,,
22,15-5136,160115733018,KATNAPALLI SRICHANDANA,F,KATNAPALLI RAVINDER,3-8-2015,8008222401,8008222401,,,,,
23,15-5120,160115733019,BUCHANNOLLA SWIMITHA REDDY,F,BUCHANNOLLA SUDARSHAN REDDY,3-8-2015,9010368378,9010368378,,,,,
24,15-5125,160115733020,KANNURI AJAY,M,KANNURI RAMESH,3-8-2015,9652055132,9440037267,,,,,
25,15-5147,160115733021,VASKA AKHIL,M,VASKA RAMA RAO,3-8-2015,9701041789,9701041789,,,,,
26,15-5107,160115733022,KALURI ANIRUDH,M,K RAMANA RAO,29-07-2015,9885689239,8985970885,,,,,
27,15-5150,160115733023,SOMARAPU ARAVIND BABU,F,SOMARAPU DANAIAH,3-8-2015,7306832596,7306832596,,,,,
28,15-5155,160115733024,GUJJULA BHANODAYA TILAK,M,GUJJULA BALAGANGADHARA TILAK,3-8-2015,8985043570,9949473790,,,,,
29,15-5143,160115733026,G BHARGAV,M,G Vasudeva Rao,3-8-2015,9581743496,9502466391,,,,,
30,15-5128,160115733027,ARUTLA DEVAK SAI,M,ARUTLA VENU,3-8-2015,8341944781,9949207868,,,,,
31,15-5153,160115733028,DUNGAVATH DEVENDRANATH,M,D VALE NAIK,3-8-2015,9032377498,9704085263,,,,,
32,15-5117,160115733029,C HARI SAMANTH,M,C SUBBA RAO,3-8-2015,9177801081,9246505162,,,,,
33,15-5131,160115733030,HARSH RATHI,M,MAHESH RATHI,3-8-2015,8374754487,8374754487,,,,,
34,15-5121,160115733031,MUSUKU HEMANTH REDDY,M,MUSUKU VENKAT RAM REDDY,6-8-2015,9949307289,9052068889,,,,,
35,15-5112,160115733032,MUPPANENI ITHESH,M,M SRINIVAS RAO,3-8-2015,9030946567,9849134743,,,,,
36,15-5115,160115733033,DUBBA KARAN KUMAR REDDY,M,DUBBA BACHI REDDY,3-8-2015,9848211293,9848211293,,,,,
37,15-5158,160115733034,SOMA MANISH RAM GOUD,M,S SRIDHAR GOUD,3-8-2015,8008888846,9849004559,,,,,
38,15-5129,160115733035,THUMMALA MANOJ KUMAR,M,THUMMALA RAMESH,3-8-2015,9705954116,9705954116,,,,,
39,15-5118,160115733036,NAGA RAMA BHADRA KUMAR MALLADI,M,M GOPALA KRISHNA,3-8-2015,9866108630,9866108630,,,,,
40,15-5116,160115733037,GURRAM NAGARJUN REDDY,M,GURRAM NARSI REDDY,3-8-2015,7036676491,7036676491,,,,,
41,15-5149,160115733038,GAYAM NIKHIL CHANDRA REDDY,M,GAYAM LAXMA REDDY,3-8-2015,9396469051,9396469051,,,,,
42,15-5138,160115733039,B NIKHIL KUMAR,M,B SRINIVAS,3-8-2015,9999999999,9999999999,,,,,
43,15-5123,160115733040,GANJI PAVAN SAI,M,GANJI SURESH,3-8-2015,9490475739,9490702997,,,,,
44,15-5101,160115733041,CHINTA PREETHAM,M,C JAYA PRAKASH,3-8-2015,9440609935,9440609935,,,,,
45,15-5106,160115733042,KOTHA RAGHAVENDRA RAO,M,K NAGESHWAR RAO,1-8-2015,9912012651,9912012651,,,,,
46,15-5160,160115733043,NAGU RAHUL CHANDRA,M,NAGU VIDYA SAGAR,3-8-2015,7660971100,7660971100,,,,,
47,15-5110,160115733044,KOMARAVELLY RAHUL,M,K SRINIVAS,30-07-2015,9908803400,9866353562,,,,,
48,15-5109,160115733045,GANNAMARAJU RAVI TEJA,M,G V S RAGHAVA,3-8-2015,9490234240,9490234239,,,,,
49,15-5146,160115733046,ROHITH CHANDRA CHEEPURI,M,CHANDRA MOULI CHEEPURI,3-8-2015,9949196138,9949196138,,,,,
50,15-5102,160115733047,CHINTHALAPUDI SAI ANISH,M,CH SRINIVASA RAO,3-8-2015,8500457189,9440277450,,,,,
51,15-5113,160115733048,BOMMAKANTI SAI AVINASH,M,B RAVINDER,3-8-2015,7396138767,9440201686,,,,,
52,15-5142,160115733049,ALLALA SAI KRISHNA REDDY,M,ALLALA ANANDA REDDY,3-8-2015,7032425414,8466052002,,,,,
53,15-5140,160115733050,VEDALA SAI REVANNTH,M,VEDALA SRINIVAS,3-8-2015,9885312742,9908465757,,,,,
54,15-5139,160115733051,PALLIPAT SAI TEJA,M,P G VENKATESHWARLU,3-8-2015,9676750292,9676750292,,,,,
55,15-5144,160115733052,CHELAMELA SAI VIKHYATH,M,CHELAMELA VINOD KUMAR,3-8-2015,7013248720,9959226281,,,,,
56,15-5134,160115733053,VIDIYALA SHASHANK,M,VIDIYALA SASIDHAR,3-8-2015,9246588238,9246588238,,,,,
57,15-5141,160115733055,B SONU,M,B VENKATESHAM,3-8-2015,9441675394,9441164084,,,,,
58,15-5133,160115733056,TANGALLAPALLY SRINATH,M,T BALRAJU,3-8-2015,9030789424,9030789424,,,,,
59,15-5127,160115733057,KOTHA SRUJANVESH GOUD,M,KOTHA VENKATASWAMY GOUD,3-8-2015,9866774849,9866774849,,,,,
60,15-5104,160115733058,KONUDULA VENKATARAMI REDDY,M,K SURESH REDDY,1-8-2015,7093419403,7093419403,,,,,
61,15-5135,160115733059,VENKATA SRIVATSA GRANDHI,M,VENKATA HARI PRASAD GRANDHI,3-8-2015,8886011778,8886011778,,,,,
62,15-5114,160115733060,VINEETH REDDY PATI,M,P SANJEEVA REDDY,3-8-2015,9000316845,9000316845,,,,,
63,15-5173,160115733181,MOUNIKA B,F,NARSIMHA REDDY B,9-9-2016,9494020099,9391059109,,,,,
64,15-5161,160115733301,VANAMALA NAVEEN KUMAR,M,V. SRINIVAS,4-7-2016,8143271753,8143271753,,,,,
65,15-5162,160115733302,KAMATALA SHRAVANI,F,K.CHANDRASHEKAR,4-7-2016,9866514402,9866514402,,,,,
66,15-5163,160115733303,GUMMADILA SAI KRISHNA,M,G. NARAYANA,4-7-2016,8801993255,8801993255,,,,,
67,15-5164,160115733304,BOJJA SRINIVAS,M,B. RAVINDER,4-7-2016,9640787914,9640787914,,,,,
68,15-5165,160115733305,GIDDE GOUTHAMI REDDY,F,GIDDE CHINNA GANGAREDDY,4-7-2016,7893698924,7893698924,,,,,
69,15-5166,160115733306,LINGAMPALLI PRAVALIKA,F,L.VENKATESH,4-7-2016,9154168610,9154168610,,,,,
70,15-5167,160115733307,MUDU JHANSIBAI,F,MUDU MOTHILAL NAYAK,4-7-2016,9908293639,9908293639,,,,,
71,15-5168,160115733308,D PRASANNA,F,D. NARASIMHA ,4-7-2016,9948706123,9948706123,,,,,
72,15-5169,160115733309,MOHD ABDUL SAMAD,M,Father Name,4-7-2016,1234567890,1234567890,,,,,
73,15-5170,160115733310,KATAMONI SREERUPA GOUD,F,Father Name,4-7-2016,1234567890,1234567890,,,,,
74,15-5171,160115733311,KALLA SOUNDARYA,F,K.GANGAIAH,4-7-2016,8499064709,8499064709,,,,,
75,15-5172,160115733312,BHONGIRI TEJASWI,F,B. VISHNU MURTHY,4-7-2016,9550878307,9550878307,,,,,
