Roll List,,,,,,,,,,,,,
College : Chaitanya Bharathi Institute of Technology,,,,,,,,,,,,,
Course : B.E,,,,,,,,,,,,,
Branch : CSE,,,,,,,,,,,,,
Semester : IV/IV II SEM,,,,,,,,,,,,,
Section : CSE 1,,,,,,,,,,,,,
Sno,AdmnNo,HTNo,Name of the Student,Gender,Father Name,Admn Dt,Stud MobileNo,Parent MobileNo,,,,,
1,14-5107,160114733001,AKHILA THALLAPALLY,F,CHAKRAVARTHY THALLAPALLY,15-09-2014,9849272400,9849272400,,,,,
2,14-5123,160114733002,ARPITHA T,F,T V GAUTHAM,15-09-2014,9959080000,9959080000,,,,,
3,14-5110,160114733003,DEEPIKA DAMISETTY,F,RAMA RAO DAMISETTY,15-09-2014,9440836550,9440836550,,,,,
4,14-5119,160114733004,KONDURU DIVYA,F,SURENDRA KONDURU,15-09-2014,9959613522,9959613522,,,,,
5,14-5122,160114733005,G GREESHMA,F,G SESHA REDDY,15-09-2014,9951555567,9951555567,,,,,
6,14-5121,160114733006,EPURI HARI CHANDANA,F,EPURI VIJAYA BHASKAR,15-09-2014,9963740808,9247723839,,,,,
7,14-5147,160114733007,SEPURI KRANTHI KUMARI,F,SEPURI PRASHANTH KUMAR,15-09-2014,1234567890,9490064561,,,,,
8,14-5102,160114733008,MADHU BAJAJ,F,RAMESH KUMAR BAJAJ,15-09-2014,9000985315,9247113031,,,,,
9,14-5137,160114733009,MADURI MANJARI,F,M KRISHNA ARAO,15-09-2014,9492185130,9492185130,,,,,
10,14-5117,160114733010,Y MANISHA,F,Y RAVI SHANKAR KUMAR REDDY,15-09-2014,9849015054,9849015054,,,,,
11,14-5144,160114733011,BILLA MOWLANICA,F,BILLA SRINIVASA RAO,15-09-2014,1234567890,9989601239,,,,,
12,14-5158,160114733012,VALLABHANENI NANDINI,F,V VENKATA MURALI KRISHNA,15-09-2014,1234567890,9848514424,,,,,
13,14-5101,160114733013,REDDY SHETTY REKHA,F,REDDY SHETTY VENKATESHAM,15-09-2014,9490070493,9490070493,,,,,
14,14-5140,160114733014,RUCHITHA CHINTHALA,F,DASHARATHAM CHINTHALA,15-09-2014,9032176943,9849048987,,,,,
15,14-5142,160114733015,SHAIK SHAILY,F,SHAIK JAHANGIR,15-09-2014,9885525156,9885525156,,,,,
16,14-5109,160114733016,NARSIDANI SHENAZ,F,NARSIDANI CHOTU KAMRUDDIN,15-09-2014,9000962711,9700552755,,,,,
17,14-5146,160114733017,GANGAM SIRI CHANDANA,F,GANGAM VENU BABU,15-09-2014,1234567890,8341850130,,,,,
18,14-5150,160114733018,GANDAMALLA SONIYA,F,GANDAMALLA RAJENDRA PRASAD,15-09-2014,1234567890,9908408366,,,,,
19,14-5128,160114733019,SOUNDARYA TEKKALAKOTA,F,T RAGHUNATH,15-09-2014,9848045414,9848045414,,,,,
20,14-5126,160114733020,GUDA SUCHITRA REDDY,F,G SUBBA RAMI REDDY,15-09-2014,9704033461,9502251718,,,,,
21,14-5116,160114733021,SUSHMA REDDY KASARLA,F,K NARSI REDDY,15-09-2014,8465842594,9440951738,,,,,
22,14-5141,160114733022,SUSHMITHA JOGULA,F,NARSAIAH JOGULA,15-09-2014,8008601002,8008601002,,,,,
23,14-5124,160114733023,RAJURI SUSMITHA,F,RAJURI SRINIVAS,15-09-2014,7036368383,9948008543,,,,,
24,14-5132,160114733024,VAMSHIKA GUTHULA,F,G GANESH KUMAR,15-09-2014,1234567890,1234567890,,,,,
25,14-5118,160114733025,NEELA VANI,F,VENKATESH NEELA,15-09-2014,9701979964,9849467996,,,,,
26,14-5115,160114733026,KAITHA ABHINAY REDDY,M,RAVINDER REDDY K,15-09-2014,9246108019,9246108019,,,,,
27,14-5105,160114733029,AMITH KUMAR TUMU,M,SATISH KUMAR TUMU,15-09-2014,9000087018,9849013691,,,,,
28,14-5133,160114733030,ASFAN SAJID,M,HAROON IQBAL,15-09-2014,9866371629,9866371629,,,,,
29,14-5138,160114733031,PALETI BHAGEERADH,M,PALETI SIVA KISHORE BABU,15-09-2014,9908464343,9908464343,,,,,
30,14-5154,160114733032,PAMARA BRIJESH RAO,M,PAMARA HEMCHANDER RAO,15-09-2014,7207604803,9948004225,,,,,
31,14-5131,160114733034,VELDANDA GAUTAM ADITYA,M,V MADHUSUDAN RAO,15-09-2014,9885096285,9885096285,,,,,
32,14-5136,160114733035,GUNDAPU GOUTHAM,M,MAHENDER GUNDAPU,15-09-2014,9908122826,9908122826,,,,,
33,14-5114,160114733037,MOVVA HEMANTH,M,MVV SATYANARAYANA,15-09-2014,7702153170,7702153170,,,,,
34,14-5111,160114733038,HRUDHAY PASUPULETI,M,P C S BABU,15-09-2014,9394651775,9394651775,,,,,
35,14-5106,160114733039,MANDHAPALLI JITHIN,M,MANDHAPALLI NARASIMHA RAO,15-09-2014,9705474453,9701921646,,,,,
36,14-5139,160114733040,THAMADA KALYAN KUMAR,M,THAMADA RAMA KRISHNA,15-09-2014,9949234827,9492573620,,,,,
37,14-5155,160114733041,BANOTH KOTESH NAYAK,M,B KHEEMA NAYAK,15-09-2014,8686094303,8686094303,,,,,
38,14-5134,160114733042,KUNAL T,M,T TULSIRAM,15-09-2014,9963829818,9963829818,,,,,
39,14-5157,160114733043,POKURI NIRANJAN,M,POKURI MALYADRI,15-09-2014,1234567890,9949679939,,,,,
40,14-5120,160114733044,BHAMIDIPATI PAVAN MANOJ BHARGAV,M,BHAMIDIPATI SYK SUBRAHMANYAM,15-09-2014,9849388676,9849627069,,,,,
41,14-5148,160114733045,CHINTHAMALLA PRANEETH,M,CHINTHAMALLA SUDHAKAR,15-09-2014,1234567890,9177427667,,,,,
42,14-5151,160114733046,GAINI PRANEETH RAHEE,M,GAINI PRASAD,15-09-2014,9542419682,9542419682,,,,,
43,14-5129,160114733047,LEKKALA RAHUL BABU,M,L RAMESH BABU,15-09-2014,9848750194,9848750194,,,,,
44,14-5130,160114733049,AGURLA RAVI KUMAR,M,POCHAIAH AGURLA,15-09-2014,8143197137,9441558550,,,,,
45,14-5104,160114733050,ROHITH VADDAVALLI,M,SUBBA RAO VADDAVALLI,15-09-2014,9502276445,9848105756,,,,,
46,14-5160,160114733051,PATNALA SAI SANTHOSH,M,P REVATHI VARA PRASAD,15-09-2014,8143258563,9440317087,,,,,
47,14-5108,160114733052,SAI SREERAM POPURI,M,PVK KALYAN SRINIVAS,15-09-2014,9866352047,9866352047,,,,,
48,14-5112,160114733053,K SAI SUDHEEP REDDY,M,K RAJI REDDY,15-09-2014,9989659000,9986959000,,,,,
49,14-5143,160114733054,G SHASHI KUMAR,M,G SRINIVAS RAO,15-09-2014,7893865699,7893865699,,,,,
50,14-5135,160114733056,NAMPELLY SRICHARAN,M,NAMPELLY SATYANARAYANA,15-09-2014,9550407388,9550407388,,,,,
51,14-5127,160114733057,YEDULA SUMEET,M,YEDULA PANDU,15-09-2014,9618689052,9618689052,,,,,
52,14-5113,160114733058,SANKRANTHI TEJADITYA,M,RAVI KUMAR SANKRANTHI,15-09-2014,9396488855,9396488855,,,,,
53,14-5153,160114733059,KUNTI VAMSHIKRISHNA,M,SHYAM KUNTI,15-09-2014,7731963854,7731963854,,,,,
54,14-5156,160114733060,KONDURU VISHNU SANKETH REDDY,M,KONDURU VIJAY,15-09-2014,9848114157,9848114157,,,,,
55,14-5175,160114733183,NAGIREDDY ROHINI REDDY,F,NAGIREDDY SANKARA REDDY,7-9-2015,8142189285,9849545264,,,,,
56,14-5161,160114733301,VELIGETI MANOJ,M,VELIGETI KRISHNAMURTHY,23-07-2015,9640973052,9949312420,,,,,
57,14-5162,160114733302,GONURU SAI KUMAR,M,GONURU SRISAILAM,23-07-2015,7416433660,9505304803,,,,,
58,14-5163,160114733303,KANCHARAKUNTLA SANTHOSH REDDY,M,VENKAT REDDY K,20-07-2015,8297599180,9959027726,,,,,
59,14-5164,160114733304,MD SAMYA SULTHANA,F,MD.NASEER,23-07-2015,8096898286,9666992347,,,,,
60,14-5165,160114733305,MORA RAJU,M,MORA KUMARASWAMY,23-07-2015,7702607726,8008421547,,,,,
61,14-5166,160114733306,NANNUTA SHIVASRI,F,NANNUTA SHIVAKUMAR,23-07-2015,7702338206,7386976064,,,,,
62,14-5167,160114733307,GOVINDU VENKATA SHIVA KRISHNA,M,GOVINDU NARENDER,23-07-2015,9160102061,9160102061,,,,,
63,14-5168,160114733308,ALLEGALA VISHAL YADAV,M,ALLEGALA RAMESH YADAV,23-07-2015,9492528597,9492528597,,,,,
64,14-5169,160114733309,MUDEDLA AKANKSHA,F,MUDEDLA NARSAIAH,23-07-2015,8501040041,8096099390,,,,,
65,14-5170,160114733310,BURRU MEHER HARSHINI,F,BURRU SREE RAMULU,23-07-2015,9652834897,9052294796,,,,,
66,14-5172,160114733312,VEERAPAGA BUCHAIAH,M,VEERAPAGA BALRAJU,23-07-2015,9000241804,7396946182,,,,,
