Roll List,,,,,,,,,,,,,
College : Chaitanya Bharathi Institute of Technology,,,,,,,,,,,,,
Course : B.E,,,,,,,,,,,,,
Branch : CSE,,,,,,,,,,,,,
Semester : III/IV II SEM,,,,,,,,,,,,,
Section : CSE 2,,,,,,,,,,,,,
Sno,AdmnNo,HTNo,Name of the Student,Gender,Father Name,Admn Dt,Stud MobileNo,Parent MobileNo,,,,,
1,13-5257,160113733064,GUGULOTHU ANITHA,F,GUGULOTHU CHATHRU,30-09-2013,9989499410,9959721347,,,,,
2,13-5261,160113733123,SYED TAUSEEF AHMED,M,SYED YOUSUF KHARI,30-09-2013,9030101972,9848273133,,,,,
3,14-5260,160114733069,MUTHYARAGALLA KRISHNAVENI,F,MUTHYARAGALLA ANANTHAIAH,15-09-2014,9440933003,9652914831,,,,,
4,14-5247,160114733077,UPPALA SHRAVYA,F,SHASHIDHAR REDDY UPPALA,15-09-2014,9985919744,9177702244,,,,,
5,15-5251,160115733061,VINNAKOTI AAKANKSHA,F,V KOTESWARA RAO,3-8-2015,7032208430,9441651240,,,,,
6,15-5213,160115733062,BILLAKANTI AKHILA,F,B NEELAMBER RAO,3-8-2015,9440723083,9490986199,,,,,
7,15-5215,160115733063,K AMULYA,F,KURRA SRINIVAS,3-8-2015,9848614111,9848014111,,,,,
8,15-5234,160115733064,ANJANI VADEPALLY,F,V.RAMAKRISHNA,3-8-2015,9701783911,8978417008,,,,,
9,15-5252,160115733065,D AVANTHIKA SHREE,F,D SREEDHAR REDDY,3-8-2015,8106978181,9866644800,,,,,
10,15-5259,160115733066,GUDURU BHAVYA,F,GUDURU BALAJI,3-8-2015,9640846230,9700966630,,,,,
11,15-5219,160115733067,CHARITA DONTIREDDY,F,SATISH KUMAR DONTIREDDY,3-8-2015,7036093933,9440974528,,,,,
12,15-5257,160115733068,B DIVYA,F,B KRISHNA,3-8-2015,7702889653,9000521556,,,,,
13,15-5210,160115733069,K DIVYARSHA,F,KODURI RAMU,3-8-2015,9100440664,9848797720,,,,,
14,15-5249,160115733070,THOTA JYOTHI,F,THOTA GOVINDASWAMY,3-8-2015,8897873733,7093925080,,,,,
15,15-5227,160115733071,THATI KAVYA,F,THATI SOMALINGAM,3-8-2015,8978239688,9848396888,,,,,
16,15-5203,160115733072,MONIKA POTHIREDDY,F,KOTIREDDY POTHIREDDY,3-8-2015,7093259278,7207301534,,,,,
17,15-5207,160115733073,NIKITHA KRISHNA VEMULAPALLI,F,SAMBASIVA RAO VEMULAPALLI,3-8-2015,8019273643,9440051818,,,,,
18,15-5205,160115733074,BANDI RISHITHA,F,BANDI SHANKER REDDY,3-8-2015,9948478608,9849356024,,,,,
19,15-5244,160115733075,SHEFALI SHIREEN,F,SHAIK PEER MOHAMMED,3-8-2015,8333009022,9849878622,,,,,
20,15-5241,160115733076,BUTHARAJU SRAVYA,F,BUTHARAJU SRINIVASULU,3-8-2015,9154363490,9848349544,,,,,
21,15-5248,160115733077,ARABATI TEJASWI ROOPINI,F,ARABATI SURENDAR RAO,3-8-2015,8790410462,8790410462,,,,,
22,15-5220,160115733078,USEM VARSHITA,F,USEM RAMESH REDDY,3-8-2015,8184853544,9866914147,,,,,
23,15-5237,160115733079,ABDUL WAHED,M,SHAHID RASHEED,3-8-2015,8019713310,9848545920,,,,,
24,15-5243,160115733080,DARANA ABHISHEK,M,D RAGHAVENDRA RAO,3-8-2015,9652114193,9494632925,,,,,
25,15-5242,160115733081,T V ABHISHEK,M,T S V SUBRAMANIAN,3-8-2015,8978223534,9490192167,,,,,
26,15-5221,160115733082,ABRAR ATHAR HASHMI,M,SYED MOHD ATHAR HASHMI,3-8-2015,9618205648,9618205648,,,,,
27,15-5245,160115733083,CHILUKURI AKHIL CHOWDRY,M,Adinaryana,3-8-2015,9701300280,9701300280,,,,,
28,15-5225,160115733084,CHINTAPALLI ANIL KRISHNA,M,CH.V.V.RAGHAVA PRASAD,3-8-2015,9052168250,9985254641,,,,,
29,15-5216,160115733085,ANISH REDDY THUMMALA,M,SRINIVAS REDDY THUMMALA,3-8-2015,8185951629,9848615374,,,,,
30,15-5212,160115733086,MYLARAPU ASHVIK,M,MYLARAPU SUDHAKAR GUPTA,3-8-2015,9999999999,9999999999,,,,,
31,15-5246,160115733087,HARISH KUMAR K,M,K V ANIL KUMAR,3-8-2015,8184967782,9848758072,,,,,
32,15-5253,160115733089,KEDAM KARTHIK,M,KEDAM CHANDRAIAH,3-8-2015,8297373922,9491246587,,,,,
33,15-5224,160115733090,KASHYAP VARUN,M,VINOD KUMAR,3-8-2015,8037703163,8037703163,,,,,
34,15-5235,160115733091,KRISHNA SAI VAMSI CHINTALA,M,RANGA RAO CHINTALA,3-8-2015,7702425397,9704779222,,,,,
35,15-5236,160115733092,S MANISH KUMAR,M,S SHIVA KUMAR,3-8-2015,8686241023,9392407348,,,,,
36,15-5206,160115733093,BADALGAMA MANOJ KUMAR,M,BADALGAMA SANGAMESHWAR,3-8-2015,8332089085,9490640368,,,,,
37,15-5226,160115733094,MD ASIF ALI,M,MD NASEERUDDIN,3-8-2015,9493671410,8019218231,,,,,
38,15-5255,160115733096,MOHAMMED SARFRAZ KHAN PATTAN,M,RIYAAZ AHAMED KHAN PATTAN,3-8-2015,7680931939,7680931939,,,,,
39,15-5247,160115733097,PATAKULA NAGENDRABABU,M,PATAKULA LAXMIRAJAM,3-8-2015,7893772238,9951701164,,,,,
40,15-5202,160115733098,K PRANAV CHANDRA,M,K SRI RAMA CHANDRA RAJU,3-8-2015,9999999999,9999999999,,,,,
41,15-5240,160115733099,S PRANEETH KUMAR,M,S SURESH KUMAR,3-8-2015,9848167510,9866045462,,,,,
42,15-5256,160115733101,AJMEERA RANJITH KUMAR,M,AJMEERA RAVINDER,3-8-2015,9100143462,9704050272,,,,,
43,15-5209,160115733102,KALLEM RAVI CHANDRAN REDDY,M,KALLEM JANARDHAN REDDY,3-8-2015,9989020044,9989020044,,,,,
44,15-5238,160115733103,BANDARU ROHITH REDDY,M,B JANI REDDY,3-8-2015,9494246219,9550444819,,,,,
45,15-5204,160115733104,SINGIREDDY ROHITH REDDY,M,SINGIREDDY RAJESHWAR REDDY,3-8-2015,8897704000,9573643426,,,,,
46,15-5254,160115733105,MUDAVATH RUPESH,M,M SURYA,3-8-2015,9059622022,9440769738,,,,,
47,15-5260,160115733106,NADIPALLY SAI ASHRITH,M,NADIPALLY SRI RANGA RAO,3-8-2015,9885945454,9849045454,,,,,
48,15-5233,160115733107,CHIKULA SAI KUMAR,M,CHIKULA MALIYADRI,3-8-2015,8186892322,9550912479,,,,,
49,15-5230,160115733108,SARAMPATI SAI KUMAR,M,SARAMPATI RADHA KRISHNA PRASAD,3-8-2015,9133550113,9392026801,,,,,
50,15-5239,160115733109,YADUGIRI SAI RAJA,M,YADUGIRI UPENDER,3-8-2015,9553506735,9652946692,,,,,
51,15-5228,160115733110,SAI SAURABH KAUSHIK,M,HARISH KAUSHIK,3-8-2015,9848497977,9848497977,,,,,
52,15-5201,160115733111,CHINTHA SAI SOWMITH REDDY,M,CHINTHA SRINIVASA REDDY,5-8-2015,9493450860,9246468988,,,,,
53,15-5258,160115733112,P SAI THARUN REDDY,M,PATHAKOTA RAMA KRISHNA REDDY,3-8-2015,9603536542,9603536542,,,,,
54,15-5223,160115733113,EDLA SOUMITH REDDY,M,E SRINIVAS REDDY,3-8-2015,8187823762,9848917476,,,,,
55,15-5250,160115733114,MALOTH SURYA CHARAN,M,MALOTH LAXMAN,3-8-2015,9999999999,9999999999,,,,,
56,15-5222,160115733115,SAMALA SUSHANTH,M,SAMALA UPENDER,3-8-2015,9949992723,9989464999,,,,,
57,15-5211,160115733116,KUPPA VENKATA ADITYA,M,K V APPAJEE,3-8-2015,9573573424,9573573424,,,,,
58,15-5218,160115733117,NARAYANABHATLA VENKATA SAI DHEERAJ,M,NARAYANABHATLA MADHUSUDHAN RAO,3-8-2015,8186067210,7731004857,,,,,
59,15-5232,160115733118,ELLABOINA VENKATESH,M,ELLABOINA RAMACHANDRAM,3-8-2015,9912124241,9948176485,,,,,
60,15-5208,160115733119,KANAPARTHI VINEETH RAO,M,K VENGAL RAO,3-8-2015,8125101651,9704668777,,,,,
61,15-5214,160115733120,ZAIN UR RAHMAN MOHAMMED,M,MOHAMMED RAFEEQ UR RAHMAN,3-8-2015,9100951693,9100951693,,,,,
62,15-5273,160115733182,HARSH M,M,JANARDHAN M,9-9-2016,9177788882,9849514013,,,,,
63,15-5261,160115733313,KONDA DIVYA,F,KONDA SAI REDDY,4-7-2016,9550386863,9550386863,,,,,
64,15-5262,160115733314,KARRE SRIKANTH,M,K SAIDULU,4-7-2016,8099314306,8099314306,,,,,
65,15-5263,160115733315,G SAMBA RAJU,M,G SAMPATH,4-7-2016,8886469377,8886469377,,,,,
66,15-5264,160115733316,NAYINI RAMYAKEERTHI,F,NAYINI RAMREDDY,4-7-2016,8374692264,8374692264,,,,,
67,15-5265,160115733317,JANAGAMA SHRAVANI,F,JANAGAMA RAMDAS,4-7-2016,7330968151,7330968151,,,,,
68,15-5266,160115733318,GURRAM NITHIN,M,G LAXMI NARSAIAH,4-7-2016,8106645438,8106645438,,,,,
69,15-5267,160115733319,BANDARI SAITEJA,M,B RAMESH,4-7-2016,8688545411,8688545411,,,,,
70,15-5268,160115733320,DUTA SRIRAMULU,M,DUTA POSHAM,4-7-2016,7306339338,7306339338,,,,,
71,15-5269,160115733321,D.VINAY SAGAR,M,D SRINIVAS SAGAR,4-7-2016,8500388688,8500388688,,,,,
72,15-5270,160115733322,THOTA SRAVANI,F,THOTA SRINIVAS,4-7-2016,9391332203,9391332203,,,,,
73,15-5271,160115733323,DEVARA MOSES,M,DEVARA RAVI,4-7-2016,8897875157,8897875157,,,,,
